{
  "files": [
    {
      "filepath": "/Users/ryan/repos/deep-fried-family-planning/clash-discord-bot/test/unit/runtime/methods.bench.ts",
      "groups": [
        {
          "fullName": "test/unit/runtime/methods.bench.ts > synthesize",
          "benchmarks": [
            {
              "id": "835040002_0_0",
              "name": "scoped",
              "rank": 2,
              "rme": 2.687113188178365,
              "samples": [],
              "totalTime": 967.4753490000091,
              "min": 0.6359170000000631,
              "max": 5.210542000000032,
              "hz": 1033.6180668929792,
              "period": 0.9674753490000092,
              "mean": 0.9674753490000092,
              "variance": 0.17592987511378044,
              "sd": 0.41943995412189866,
              "sem": 0.013263855967017301,
              "df": 999,
              "critical": 1.96,
              "moe": 0.02599715769535391,
              "p75": 1.0011250000000018,
              "p99": 2.401499999999942,
              "p995": 2.7610409999999774,
              "p999": 5.079791999999998,
              "sampleCount": 1000,
              "median": 0.8193539999999757
            },
            {
              "id": "835040002_0_1",
              "name": "runtime",
              "rank": 1,
              "rme": 1.8406872711999718,
              "samples": [],
              "totalTime": 706.459553000001,
              "min": 0.5654169999997976,
              "max": 1.9410000000002583,
              "hz": 1415.5092046720451,
              "period": 0.7064595530000011,
              "mean": 0.7064595530000011,
              "variance": 0.04401720677489997,
              "sd": 0.20980278066531904,
              "sem": 0.006634546463391448,
              "df": 999,
              "critical": 1.96,
              "moe": 0.013003711068247239,
              "p75": 0.672458000000006,
              "p99": 1.487916000000041,
              "p995": 1.5297080000000278,
              "p999": 1.668416999999863,
              "sampleCount": 1000,
              "median": 0.6313125000001492
            }
          ]
        },
        {
          "fullName": "test/unit/runtime/methods.bench.ts > synthesize and then respond",
          "benchmarks": [
            {
              "id": "835040002_1_0",
              "name": "scoped",
              "rank": 2,
              "rme": 1.8609078336313933,
              "samples": [],
              "totalTime": 1188.7463610000104,
              "min": 0.9142499999998108,
              "max": 5.542916999999761,
              "hz": 841.2223438133336,
              "period": 1.1887463610000104,
              "mean": 1.1887463610000104,
              "variance": 0.12738432391185373,
              "sd": 0.35690940574864893,
              "sem": 0.011286466405029243,
              "df": 999,
              "critical": 1.96,
              "moe": 0.022121474153857314,
              "p75": 1.1736249999999018,
              "p99": 2.222291000000041,
              "p995": 2.4472499999997126,
              "p999": 2.774790999999823,
              "sampleCount": 1000,
              "median": 1.0436250000002474
            },
            {
              "id": "835040002_1_1",
              "name": "runtime",
              "rank": 1,
              "rme": 1.5941156189376253,
              "samples": [],
              "totalTime": 1101.420536000016,
              "min": 0.8930840000002718,
              "max": 2.2022079999997004,
              "hz": 907.9184265363883,
              "period": 1.101420536000016,
              "mean": 1.101420536000016,
              "variance": 0.0802479285102013,
              "sd": 0.28328065325786245,
              "sem": 0.008958120813552432,
              "df": 999,
              "critical": 1.96,
              "moe": 0.017557916794562766,
              "p75": 1.0585829999999987,
              "p99": 1.9662080000007336,
              "p995": 2.0092500000000655,
              "p999": 2.165083999999297,
              "sampleCount": 1000,
              "median": 0.9776249999999891
            }
          ]
        }
      ]
    }
  ]
}