{
  "files": [
    {
      "filepath": "/Users/ryan/repos/deep-fried-family-planning/clash-discord-bot/test/unit/runtime/methods.bench.ts",
      "groups": [
        {
          "fullName": "test/unit/runtime/methods.bench.ts > synthesize",
          "benchmarks": [
            {
              "id": "835040002_0_0",
              "name": "scoped",
              "rank": 2,
              "rme": 2.5087638795620735,
              "samples": [],
              "totalTime": 500.09621700000093,
              "min": 0.6477919999999813,
              "max": 2.3590409999999338,
              "hz": 1161.7764347135603,
              "period": 0.8607508037865764,
              "mean": 0.8607508037865764,
              "variance": 0.07052424409933347,
              "sd": 0.2655640113029879,
              "sem": 0.01101745166246829,
              "df": 580,
              "critical": 1.96,
              "moe": 0.021594205258437846,
              "p75": 0.9064170000001468,
              "p99": 1.962541999999985,
              "p995": 2.1660830000000715,
              "p999": 2.3590409999999338,
              "sampleCount": 581,
              "median": 0.7446670000001632
            },
            {
              "id": "835040002_0_1",
              "name": "runtime",
              "rank": 1,
              "rme": 1.9574013311805374,
              "samples": [],
              "totalTime": 500.51541600000087,
              "min": 0.5409170000002632,
              "max": 1.741624999999658,
              "hz": 1550.4017962156008,
              "period": 0.6449940927835063,
              "mean": 0.6449940927835063,
              "variance": 0.032197400628465905,
              "sd": 0.17943634143747444,
              "sem": 0.006441389264377644,
              "df": 775,
              "critical": 1.96,
              "moe": 0.012625122958180184,
              "p75": 0.6105419999998958,
              "p99": 1.2444170000001122,
              "p995": 1.2614580000001752,
              "p999": 1.741624999999658,
              "sampleCount": 776,
              "median": 0.5841880000000401
            }
          ]
        },
        {
          "fullName": "test/unit/runtime/methods.bench.ts > respond",
          "benchmarks": [
            {
              "id": "835040002_1_0",
              "name": "scoped",
              "rank": 2,
              "rme": 2.593459573613016,
              "samples": [],
              "totalTime": 500.2084869999994,
              "min": 0.9607500000001892,
              "max": 2.8639579999999114,
              "hz": 817.6590574321872,
              "period": 1.2230036356968201,
              "mean": 1.2230036356968201,
              "variance": 0.10710891668895633,
              "sd": 0.3272749863478056,
              "sem": 0.016182706569191036,
              "df": 408,
              "critical": 1.96,
              "moe": 0.03171810487561443,
              "p75": 1.19787499999984,
              "p99": 2.135291999999936,
              "p995": 2.2213339999998425,
              "p999": 2.8639579999999114,
              "sampleCount": 409,
              "median": 1.0906660000000556
            },
            {
              "id": "835040002_1_1",
              "name": "runtime",
              "rank": 1,
              "rme": 3.3825780553650646,
              "samples": [],
              "totalTime": 500.89611599999535,
              "min": 0.8504170000001068,
              "max": 5.504041000000143,
              "hz": 930.3326280932957,
              "period": 1.0748843690987024,
              "mean": 1.0748843690987024,
              "variance": 0.16035884625659255,
              "sd": 0.4004483065972343,
              "sem": 0.018550409586572416,
              "df": 465,
              "critical": 1.96,
              "moe": 0.036358802789681934,
              "p75": 0.9799579999998969,
              "p99": 2.1496659999997974,
              "p995": 2.5982080000003407,
              "p999": 5.504041000000143,
              "sampleCount": 466,
              "median": 0.9195624999999836
            }
          ]
        }
      ]
    }
  ]
}