{
  "files": [
    {
      "filepath": "/Users/ryan/repos/deep-fried-family-planning/clash-discord-bot/test/unit/runtime/methods.bench.ts",
      "groups": [
        {
          "fullName": "test/unit/runtime/methods.bench.ts > synthesize",
          "benchmarks": [
            {
              "id": "835040002_0_0",
              "name": "scoped",
              "rank": 2,
              "rme": 3.1717624543891367,
              "samples": [],
              "totalTime": 500.3184599999954,
              "min": 0.6811669999999594,
              "max": 3.1414170000000468,
              "hz": 1029.344389971149,
              "period": 0.9714921553397969,
              "mean": 0.9714921553397969,
              "variance": 0.1272843444666776,
              "sd": 0.35676931547805174,
              "sem": 0.015721134403267077,
              "df": 514,
              "critical": 1.96,
              "moe": 0.03081342343040347,
              "p75": 1.0957089999999425,
              "p99": 2.267417000000023,
              "p995": 2.814792000000125,
              "p999": 3.1414170000000468,
              "sampleCount": 515,
              "median": 0.821292000000085
            },
            {
              "id": "835040002_0_1",
              "name": "runtime",
              "rank": 1,
              "rme": 3.2094975022523666,
              "samples": [],
              "totalTime": 500.447159000003,
              "min": 0.5887499999998909,
              "max": 4.942625000000135,
              "hz": 1286.8491476439697,
              "period": 0.7770918618012469,
              "mean": 0.7770918618012469,
              "variance": 0.1042779609220361,
              "sd": 0.32292098247409706,
              "sem": 0.012724869334039508,
              "df": 643,
              "critical": 1.96,
              "moe": 0.024940743894717433,
              "p75": 0.7376670000001013,
              "p99": 1.9934169999999085,
              "p995": 2.1803749999999127,
              "p999": 4.942625000000135,
              "sampleCount": 644,
              "median": 0.6591875000001437
            }
          ]
        },
        {
          "fullName": "test/unit/runtime/methods.bench.ts > respond",
          "benchmarks": [
            {
              "id": "835040002_1_0",
              "name": "scoped",
              "rank": 2,
              "rme": 2.7209419404540265,
              "samples": [],
              "totalTime": 501.0533859999955,
              "min": 0.9538750000001528,
              "max": 3.6881250000001273,
              "hz": 776.3643772681809,
              "period": 1.2880549768637417,
              "mean": 1.2880549768637417,
              "variance": 0.12437835493622178,
              "sd": 0.35267315596203486,
              "sem": 0.017881238817138243,
              "df": 388,
              "critical": 1.96,
              "moe": 0.035047228081590956,
              "p75": 1.3886250000000473,
              "p99": 2.605666999999812,
              "p995": 2.8695419999999103,
              "p999": 3.6881250000001273,
              "sampleCount": 389,
              "median": 1.1605420000000777
            },
            {
              "id": "835040002_1_1",
              "name": "runtime",
              "rank": 1,
              "rme": 2.8568170621551547,
              "samples": [],
              "totalTime": 500.0343369999978,
              "min": 0.9235830000002352,
              "max": 2.5427920000001905,
              "hz": 791.9456139269128,
              "period": 1.2627129722222166,
              "mean": 1.2627129722222166,
              "variance": 0.13413965636408082,
              "sd": 0.36625081073504917,
              "sem": 0.01840479573290345,
              "df": 395,
              "critical": 1.96,
              "moe": 0.03607339963649076,
              "p75": 1.3217920000001868,
              "p99": 2.393750000000182,
              "p995": 2.537207999999737,
              "p999": 2.5427920000001905,
              "sampleCount": 396,
              "median": 1.112875000000031
            }
          ]
        }
      ]
    }
  ]
}