{
  "files": [
    {
      "filepath": "/Users/ryan/repos/deep-fried-family-planning/clash-discord-bot/test/unit/runtime/methods.bench.ts",
      "groups": [
        {
          "fullName": "test/unit/runtime/methods.bench.ts > synthesize",
          "benchmarks": [
            {
              "id": "835040002_0_0",
              "name": "scoped",
              "rank": 2,
              "rme": 3.302898505654232,
              "samples": [],
              "totalTime": 500.77966599999877,
              "min": 0.6920830000001388,
              "max": 2.9787079999998696,
              "hz": 966.4929166672698,
              "period": 1.034668731404956,
              "mean": 1.034668731404956,
              "variance": 0.14713850023471353,
              "sd": 0.3835863660699029,
              "sem": 0.017435743912268313,
              "df": 483,
              "critical": 1.96,
              "moe": 0.034174058068045896,
              "p75": 1.1137080000000878,
              "p99": 2.707875000000058,
              "p995": 2.835833999999977,
              "p999": 2.9787079999998696,
              "sampleCount": 484,
              "median": 0.8840624999999136
            },
            {
              "id": "835040002_0_1",
              "name": "runtime",
              "rank": 1,
              "rme": 3.549427520081263,
              "samples": [],
              "totalTime": 500.08309199999644,
              "min": 0.5687920000000304,
              "max": 4.277540999999928,
              "hz": 1249.7923045156754,
              "period": 0.8001329471999943,
              "mean": 0.8001329471999943,
              "variance": 0.13122265082388657,
              "sd": 0.3622466712392076,
              "sem": 0.014489866849568305,
              "df": 624,
              "critical": 1.96,
              "moe": 0.028400139025153877,
              "p75": 0.7628750000003492,
              "p99": 1.878458000000137,
              "p995": 2.484790999999859,
              "p999": 4.277540999999928,
              "sampleCount": 625,
              "median": 0.6672909999999774
            }
          ]
        },
        {
          "fullName": "test/unit/runtime/methods.bench.ts > respond",
          "benchmarks": [
            {
              "id": "835040002_1_0",
              "name": "scoped",
              "rank": 2,
              "rme": 4.8249225972769585,
              "samples": [],
              "totalTime": 500.08170499999505,
              "min": 0.9886249999999563,
              "max": 7.440041000000292,
              "hz": 685.8879190551539,
              "period": 1.4579641545189361,
              "mean": 1.4579641545189361,
              "variance": 0.44183119121251685,
              "sd": 0.664703837218138,
              "sem": 0.03589063364876638,
              "df": 342,
              "critical": 1.96,
              "moe": 0.0703456419515821,
              "p75": 1.498583999999937,
              "p99": 3.2109999999997854,
              "p995": 7.377791999999772,
              "p999": 7.440041000000292,
              "sampleCount": 343,
              "median": 1.2532499999997526
            },
            {
              "id": "835040002_1_1",
              "name": "runtime",
              "rank": 1,
              "rme": 3.337335312722728,
              "samples": [],
              "totalTime": 500.0534489999991,
              "min": 0.8523750000003929,
              "max": 3.6986659999997755,
              "hz": 827.9114979166973,
              "period": 1.2078585724637658,
              "mean": 1.2078585724637658,
              "variance": 0.17511367318837676,
              "sd": 0.41846585665783625,
              "sem": 0.02056647482988872,
              "df": 413,
              "critical": 1.96,
              "moe": 0.04031029066658189,
              "p75": 1.2548329999999623,
              "p99": 2.3995420000001104,
              "p995": 2.4571670000000267,
              "p999": 3.6986659999997755,
              "sampleCount": 414,
              "median": 1.057062500000029
            }
          ]
        }
      ]
    }
  ]
}