{
  "files": [
    {
      "filepath": "/Users/ryan/repos/deep-fried-family-planning/clash-discord-bot/test/unit/runtime/methods.bench.ts",
      "groups": [
        {
          "fullName": "test/unit/runtime/methods.bench.ts > synthesize",
          "benchmarks": [
            {
              "id": "835040002_0_0",
              "name": "scoped",
              "rank": 2,
              "rme": 2.456346069981922,
              "samples": [],
              "totalTime": 500.4633620000036,
              "min": 0.6765410000000429,
              "max": 2.716374999999971,
              "hz": 1130.9519197131476,
              "period": 0.8842108869258014,
              "mean": 0.8842108869258014,
              "variance": 0.06950164946079446,
              "sd": 0.26363165489143076,
              "sem": 0.011081264985384805,
              "df": 565,
              "critical": 1.96,
              "moe": 0.02171927937135422,
              "p75": 0.9362080000000788,
              "p99": 1.8069590000000062,
              "p995": 2.1172500000000127,
              "p999": 2.716374999999971,
              "sampleCount": 566,
              "median": 0.7664164999999912
            },
            {
              "id": "835040002_0_1",
              "name": "runtime",
              "rank": 1,
              "rme": 2.7310833688928615,
              "samples": [],
              "totalTime": 500.2940529999978,
              "min": 0.5799170000000231,
              "max": 4.594125000000076,
              "hz": 1387.1841886555528,
              "period": 0.7208848025936567,
              "mean": 0.7208848025936567,
              "variance": 0.07002433334967119,
              "sd": 0.26462111281919887,
              "sem": 0.010044880077811987,
              "df": 693,
              "critical": 1.96,
              "moe": 0.019687964952511496,
              "p75": 0.6691250000001219,
              "p99": 1.4491669999999885,
              "p995": 1.5164589999999407,
              "p999": 4.594125000000076,
              "sampleCount": 694,
              "median": 0.6356459999998378
            }
          ]
        },
        {
          "fullName": "test/unit/runtime/methods.bench.ts > respond",
          "benchmarks": [
            {
              "id": "835040002_1_0",
              "name": "scoped",
              "rank": 2,
              "rme": 2.106589903314506,
              "samples": [],
              "totalTime": 501.10524099999884,
              "min": 0.91995900000029,
              "max": 2.315207999999984,
              "hz": 864.0899447307936,
              "period": 1.1572869307159326,
              "mean": 1.1572869307159326,
              "variance": 0.06699121392702295,
              "sd": 0.25882660977384636,
              "sem": 0.01243841307900009,
              "df": 432,
              "critical": 1.96,
              "moe": 0.024379289634840175,
              "p75": 1.1442910000000666,
              "p99": 1.91274999999996,
              "p995": 1.940874999999778,
              "p999": 2.315207999999984,
              "sampleCount": 433,
              "median": 1.0521670000002814
            },
            {
              "id": "835040002_1_1",
              "name": "runtime",
              "rank": 1,
              "rme": 2.5113308735629536,
              "samples": [],
              "totalTime": 500.3185089999979,
              "min": 0.9160420000002887,
              "max": 2.3500840000001517,
              "hz": 877.4410542545045,
              "period": 1.1396776970387197,
              "mean": 1.1396776970387197,
              "variance": 0.09361045321893852,
              "sd": 0.30595825404610105,
              "sem": 0.014602590747369708,
              "df": 438,
              "critical": 1.96,
              "moe": 0.028621077864844628,
              "p75": 1.0966660000003685,
              "p99": 2.0231669999998303,
              "p995": 2.0715000000000146,
              "p999": 2.3500840000001517,
              "sampleCount": 439,
              "median": 1.006333000000268
            }
          ]
        }
      ]
    }
  ]
}