{
  "files": [
    {
      "filepath": "/Users/ryan/repos/deep-fried-family-planning/clash-discord-bot/test/unit/runtime/methods.bench.ts",
      "groups": [
        {
          "fullName": "test/unit/runtime/methods.bench.ts > synthesize",
          "benchmarks": [
            {
              "id": "835040002_0_0",
              "name": "scoped",
              "rank": 2,
              "rme": 2.6909542484110487,
              "samples": [],
              "totalTime": 500.57148799999845,
              "min": 0.6610419999999522,
              "max": 2.528542000000016,
              "hz": 1140.696211606846,
              "period": 0.8766575971978957,
              "mean": 0.8766575971978957,
              "variance": 0.08271734666121511,
              "sd": 0.2876062354352129,
              "sem": 0.012035946355007649,
              "df": 570,
              "critical": 1.96,
              "moe": 0.023590454855814992,
              "p75": 0.91862500000002,
              "p99": 2.0784590000000662,
              "p995": 2.4273329999998623,
              "p999": 2.528542000000016,
              "sampleCount": 571,
              "median": 0.7573330000000169
            },
            {
              "id": "835040002_0_1",
              "name": "runtime",
              "rank": 1,
              "rme": 2.1201714917278305,
              "samples": [],
              "totalTime": 500.19294100000184,
              "min": 0.5500419999998485,
              "max": 1.9381250000001273,
              "hz": 1505.4190858722998,
              "period": 0.6642668539176652,
              "mean": 0.6642668539176652,
              "variance": 0.03887854282746778,
              "sd": 0.19717642563822832,
              "sem": 0.007185508400897801,
              "df": 752,
              "critical": 1.96,
              "moe": 0.01408359646575969,
              "p75": 0.6286669999999503,
              "p99": 1.3935419999997976,
              "p995": 1.4541670000000977,
              "p999": 1.9381250000001273,
              "sampleCount": 753,
              "median": 0.5959579999998823
            }
          ]
        },
        {
          "fullName": "test/unit/runtime/methods.bench.ts > respond",
          "benchmarks": [
            {
              "id": "835040002_1_0",
              "name": "scoped",
              "rank": 2,
              "rme": 2.4509205004207826,
              "samples": [],
              "totalTime": 500.3096610000016,
              "min": 0.9777909999997974,
              "max": 2.786790999999994,
              "hz": 803.5023733031585,
              "period": 1.2445513955223921,
              "mean": 1.2445513955223921,
              "variance": 0.09736391566115338,
              "sd": 0.312031914491376,
              "sem": 0.015562737393434308,
              "df": 401,
              "critical": 1.96,
              "moe": 0.030502965291131244,
              "p75": 1.224416999999903,
              "p99": 2.0723330000000715,
              "p995": 2.1837090000003627,
              "p999": 2.786790999999994,
              "sampleCount": 402,
              "median": 1.117770999999948
            },
            {
              "id": "835040002_1_1",
              "name": "runtime",
              "rank": 1,
              "rme": 3.180950503721703,
              "samples": [],
              "totalTime": 500.2957530000008,
              "min": 0.8606250000002547,
              "max": 5.223500000000058,
              "hz": 915.458500804022,
              "period": 1.0923488056768575,
              "mean": 1.0923488056768575,
              "variance": 0.14394276292221075,
              "sd": 0.3793978952527422,
              "sem": 0.01772809940641633,
              "df": 457,
              "critical": 1.96,
              "moe": 0.034747074836576006,
              "p75": 1.0363749999996799,
              "p99": 2.2104169999997794,
              "p995": 2.2599169999998594,
              "p999": 5.223500000000058,
              "sampleCount": 458,
              "median": 0.9428749999999582
            }
          ]
        }
      ]
    }
  ]
}