{
  "files": [
    {
      "filepath": "/Users/ryan/repos/deep-fried-family-planning/clash-discord-bot/test/unit/runtime/methods.bench.ts",
      "groups": [
        {
          "fullName": "test/unit/runtime/methods.bench.ts > synthesize",
          "benchmarks": [
            {
              "id": "835040002_0_0",
              "name": "scoped",
              "rank": 2,
              "rme": 2.5374789246411864,
              "samples": [],
              "totalTime": 500.04124800000227,
              "min": 0.6832079999999223,
              "max": 2.4349999999999454,
              "hz": 1123.9072821448472,
              "period": 0.8897531103202887,
              "mean": 0.8897531103202887,
              "variance": 0.07457067774426716,
              "sd": 0.2730763221963178,
              "sem": 0.011519029416182026,
              "df": 561,
              "critical": 1.96,
              "moe": 0.022577297655716772,
              "p75": 0.9195839999999862,
              "p99": 2.030666999999994,
              "p995": 2.2006659999999556,
              "p999": 2.4349999999999454,
              "sampleCount": 562,
              "median": 0.7695629999999483
            },
            {
              "id": "835040002_0_1",
              "name": "runtime",
              "rank": 1,
              "rme": 2.6477042719737116,
              "samples": [],
              "totalTime": 500.2614579999972,
              "min": 0.5891249999999673,
              "max": 3.956916999999976,
              "hz": 1359.289205925602,
              "period": 0.7356786147058783,
              "mean": 0.7356786147058783,
              "variance": 0.06716020079391687,
              "sd": 0.25915285218171313,
              "sem": 0.009938058219165592,
              "df": 679,
              "critical": 1.96,
              "moe": 0.01947859410956456,
              "p75": 0.6872080000000551,
              "p99": 1.466374999999971,
              "p995": 1.7828749999998763,
              "p999": 3.956916999999976,
              "sampleCount": 680,
              "median": 0.6478125000001
            }
          ]
        },
        {
          "fullName": "test/unit/runtime/methods.bench.ts > respond",
          "benchmarks": [
            {
              "id": "835040002_1_0",
              "name": "scoped",
              "rank": 2,
              "rme": 2.155155322013152,
              "samples": [],
              "totalTime": 500.3885879999975,
              "min": 0.9350829999998496,
              "max": 2.327166000000034,
              "hz": 861.3305945338668,
              "period": 1.1609944037122912,
              "mean": 1.1609944037122912,
              "variance": 0.07023968100732143,
              "sd": 0.2650276985662469,
              "sem": 0.012765935040755256,
              "df": 430,
              "critical": 1.96,
              "moe": 0.025021232679880302,
              "p75": 1.162499999999909,
              "p99": 1.937249999999949,
              "p995": 1.9880419999999503,
              "p999": 2.327166000000034,
              "sampleCount": 431,
              "median": 1.0530829999997877
            },
            {
              "id": "835040002_1_1",
              "name": "runtime",
              "rank": 1,
              "rme": 2.5249330995690356,
              "samples": [],
              "totalTime": 501.6095520000026,
              "min": 0.9082090000001699,
              "max": 2.7545829999999114,
              "hz": 881.1634432352232,
              "period": 1.1348632398190104,
              "mean": 1.1348632398190104,
              "variance": 0.09447065688750964,
              "sd": 0.30736079269729516,
              "sem": 0.014619662029097815,
              "df": 441,
              "critical": 1.96,
              "moe": 0.028654537577031715,
              "p75": 1.0936669999996411,
              "p99": 1.9879579999997077,
              "p995": 2.0240829999997914,
              "p999": 2.7545829999999114,
              "sampleCount": 442,
              "median": 1.0032920000001013
            }
          ]
        }
      ]
    }
  ]
}