{
  "files": [
    {
      "filepath": "/Users/ryan/repos/deep-fried-family-planning/clash-discord-bot/test/unit/runtime/methods.bench.ts",
      "groups": [
        {
          "fullName": "test/unit/runtime/methods.bench.ts > synthesize",
          "benchmarks": [
            {
              "id": "835040002_0_0",
              "name": "scoped",
              "rank": 2,
              "rme": 2.686012227394033,
              "samples": [],
              "totalTime": 500.34366499999965,
              "min": 0.6934579999999642,
              "max": 2.5697909999998956,
              "hz": 1079.2581934658858,
              "period": 0.926562342592592,
              "mean": 0.926562342592592,
              "variance": 0.08706565648899957,
              "sd": 0.2950689012569769,
              "sem": 0.012697743783911026,
              "df": 539,
              "critical": 1.96,
              "moe": 0.024887577816465608,
              "p75": 0.9710000000000036,
              "p99": 2.1887500000000273,
              "p995": 2.2689170000001013,
              "p999": 2.5697909999998956,
              "sampleCount": 540,
              "median": 0.8035210000000461
            },
            {
              "id": "835040002_0_1",
              "name": "runtime",
              "rank": 1,
              "rme": 3.1885925290801467,
              "samples": [],
              "totalTime": 500.2842490000003,
              "min": 0.5741669999999885,
              "max": 4.583417000000054,
              "hz": 1309.2556907583146,
              "period": 0.7637927465648859,
              "mean": 0.7637927465648859,
              "variance": 0.10112959433870523,
              "sd": 0.3180087960083891,
              "sem": 0.01242563186460409,
              "df": 654,
              "critical": 1.96,
              "moe": 0.024354238454624016,
              "p75": 0.6998329999998987,
              "p99": 1.610582999999906,
              "p995": 1.643624999999929,
              "p999": 4.583417000000054,
              "sampleCount": 655,
              "median": 0.6472920000001068
            }
          ]
        },
        {
          "fullName": "test/unit/runtime/methods.bench.ts > respond",
          "benchmarks": [
            {
              "id": "835040002_1_0",
              "name": "scoped",
              "rank": 2,
              "rme": 2.3747866026046967,
              "samples": [],
              "totalTime": 500.3626590000017,
              "min": 0.953708000000006,
              "max": 2.275959000000057,
              "hz": 815.4085694871939,
              "period": 1.2263790661764749,
              "mean": 1.2263790661764749,
              "variance": 0.09008379177830034,
              "sd": 0.3001396204740393,
              "sem": 0.014859125388116078,
              "df": 407,
              "critical": 1.96,
              "moe": 0.029123885760707513,
              "p75": 1.22524999999996,
              "p99": 2.1872079999998277,
              "p995": 2.2375409999999647,
              "p999": 2.275959000000057,
              "sampleCount": 408,
              "median": 1.1030419999999594
            },
            {
              "id": "835040002_1_1",
              "name": "runtime",
              "rank": 1,
              "rme": 2.6476695532795174,
              "samples": [],
              "totalTime": 500.2336669999968,
              "min": 0.8493749999997817,
              "max": 2.415708999999879,
              "hz": 929.5655823981216,
              "period": 1.0757713268817135,
              "mean": 1.0757713268817135,
              "variance": 0.09819927966095132,
              "sd": 0.313367642970603,
              "sem": 0.01453207647181541,
              "df": 464,
              "critical": 1.96,
              "moe": 0.0284828698847582,
              "p75": 1.0320000000001528,
              "p99": 2.0147910000000593,
              "p995": 2.102792000000136,
              "p999": 2.415708999999879,
              "sampleCount": 465,
              "median": 0.9465000000000146
            }
          ]
        }
      ]
    }
  ]
}