{
  "files": [
    {
      "filepath": "/Users/ryan/repos/deep-fried-family-planning/clash-discord-bot/test/unit/runtime/methods.bench.ts",
      "groups": [
        {
          "fullName": "test/unit/runtime/methods.bench.ts > synthesize",
          "benchmarks": [
            {
              "id": "835040002_0_0",
              "name": "scoped",
              "rank": 2,
              "rme": 2.911132839815199,
              "samples": [],
              "totalTime": 500.7614289999992,
              "min": 0.676040999999941,
              "max": 3.5281250000000455,
              "hz": 1118.2969924786298,
              "period": 0.8942168374999986,
              "mean": 0.8942168374999986,
              "variance": 0.09878377472285745,
              "sd": 0.3142988621087538,
              "sem": 0.01328155102837723,
              "df": 559,
              "critical": 1.96,
              "moe": 0.02603184001561937,
              "p75": 0.9222919999999704,
              "p99": 2.1757920000000013,
              "p995": 2.8510000000001128,
              "p999": 3.5281250000000455,
              "sampleCount": 560,
              "median": 0.7705204999999751
            },
            {
              "id": "835040002_0_1",
              "name": "runtime",
              "rank": 1,
              "rme": 2.0663222917773814,
              "samples": [],
              "totalTime": 500.0682930000007,
              "min": 0.5697500000001128,
              "max": 1.9779159999998228,
              "hz": 1433.8041624246691,
              "period": 0.6974453179916328,
              "mean": 0.6974453179916328,
              "variance": 0.038763542673316026,
              "sd": 0.1968845922699794,
              "sem": 0.007352789836029975,
              "df": 716,
              "critical": 1.96,
              "moe": 0.01441146807861875,
              "p75": 0.6628330000000915,
              "p99": 1.3442079999999805,
              "p995": 1.3935409999999138,
              "p999": 1.9779159999998228,
              "sampleCount": 717,
              "median": 0.632291000000123
            }
          ]
        },
        {
          "fullName": "test/unit/runtime/methods.bench.ts > respond",
          "benchmarks": [
            {
              "id": "835040002_1_0",
              "name": "scoped",
              "rank": 1,
              "rme": 2.407904580542478,
              "samples": [],
              "totalTime": 500.15516100000286,
              "min": 0.9262920000001031,
              "max": 2.6436250000001564,
              "hz": 859.7332058720824,
              "period": 1.163151537209309,
              "mean": 1.163151537209309,
              "variance": 0.08780261621897967,
              "sd": 0.2963150624233936,
              "sem": 0.014289581195465919,
              "df": 429,
              "critical": 1.96,
              "moe": 0.0280075791431132,
              "p75": 1.1370419999998376,
              "p99": 2.0190840000000208,
              "p995": 2.039582999999766,
              "p999": 2.6436250000001564,
              "sampleCount": 430,
              "median": 1.0442090000001372
            },
            {
              "id": "835040002_1_1",
              "name": "runtime",
              "rank": 2,
              "rme": 3.1600386646449756,
              "samples": [],
              "totalTime": 500.2254040000025,
              "min": 0.9002080000000205,
              "max": 4.400957999999719,
              "hz": 835.6232943339237,
              "period": 1.1967114928229725,
              "mean": 1.1967114928229725,
              "variance": 0.15560654347108635,
              "sd": 0.3944699525579691,
              "sem": 0.01929415605992654,
              "df": 417,
              "critical": 1.96,
              "moe": 0.03781654587745602,
              "p75": 1.2000419999999394,
              "p99": 2.420916000000034,
              "p995": 2.589292000000114,
              "p999": 4.400957999999719,
              "sampleCount": 418,
              "median": 1.0513539999999466
            }
          ]
        }
      ]
    }
  ]
}