{
  "files": [
    {
      "filepath": "/Users/ryan/repos/deep-fried-family-planning/clash-discord-bot/test/unit/runtime/methods.bench.ts",
      "groups": [
        {
          "fullName": "test/unit/runtime/methods.bench.ts > synthesize",
          "benchmarks": [
            {
              "id": "835040002_0_0",
              "name": "scoped",
              "rank": 2,
              "rme": 2.692126262741026,
              "samples": [],
              "totalTime": 500.01487600000155,
              "min": 0.6530829999999241,
              "max": 2.4334579999999733,
              "hz": 1123.966559746911,
              "period": 0.8897061850533835,
              "mean": 0.8897061850533835,
              "variance": 0.08392826432513266,
              "sd": 0.2897037526942526,
              "sem": 0.012220415239312964,
              "df": 561,
              "critical": 1.96,
              "moe": 0.023952013869053407,
              "p75": 0.9458749999998872,
              "p99": 2.1355409999998756,
              "p995": 2.3200409999999465,
              "p999": 2.4334579999999733,
              "sampleCount": 562,
              "median": 0.7629369999999653
            },
            {
              "id": "835040002_0_1",
              "name": "runtime",
              "rank": 1,
              "rme": 2.2019128423847123,
              "samples": [],
              "totalTime": 500.19068299999776,
              "min": 0.5422499999999673,
              "max": 2.2039169999998194,
              "hz": 1487.4327437242634,
              "period": 0.6722993051075239,
              "mean": 0.6722993051075239,
              "variance": 0.04244107409308022,
              "sd": 0.2060123153917751,
              "sem": 0.007552777927768239,
              "df": 743,
              "critical": 1.96,
              "moe": 0.014803444738425748,
              "p75": 0.63412500000004,
              "p99": 1.3589580000000296,
              "p995": 1.5328750000001037,
              "p999": 2.2039169999998194,
              "sampleCount": 744,
              "median": 0.6013750000000755
            }
          ]
        },
        {
          "fullName": "test/unit/runtime/methods.bench.ts > respond",
          "benchmarks": [
            {
              "id": "835040002_1_0",
              "name": "scoped",
              "rank": 2,
              "rme": 2.646546920255989,
              "samples": [],
              "totalTime": 500.3925389999972,
              "min": 0.926792000000205,
              "max": 2.314958999999817,
              "hz": 833.3457585785513,
              "period": 1.1999821079136623,
              "mean": 1.1999821079136623,
              "variance": 0.10947946070638978,
              "sd": 0.33087680593597035,
              "sem": 0.016203106898271393,
              "df": 416,
              "critical": 1.96,
              "moe": 0.03175808952061193,
              "p75": 1.1875410000002375,
              "p99": 2.2238750000001346,
              "p995": 2.252042000000074,
              "p999": 2.314958999999817,
              "sampleCount": 417,
              "median": 1.0623749999999745
            },
            {
              "id": "835040002_1_1",
              "name": "runtime",
              "rank": 1,
              "rme": 3.5176415583965928,
              "samples": [],
              "totalTime": 500.25443499999847,
              "min": 0.8172500000000582,
              "max": 5.435249999999996,
              "hz": 945.518853820859,
              "period": 1.0576203699788551,
              "mean": 1.0576203699788551,
              "variance": 0.17041655381491896,
              "sd": 0.4128153991978969,
              "sem": 0.018981272277777555,
              "df": 472,
              "critical": 1.96,
              "moe": 0.037203293664444005,
              "p75": 0.9866250000000036,
              "p99": 2.509874999999738,
              "p995": 2.79004199999963,
              "p999": 5.435249999999996,
              "sampleCount": 473,
              "median": 0.9000419999997575
            }
          ]
        }
      ]
    }
  ]
}